n,family,seed,nu,target_convex,in_convex_position,margin
3,convex,0,1,1,1,0
3,convex_perturbed,0,1,1,1,0
3,convex_perturbed,1,1,1,1,0
3,convex_perturbed,2,1,1,1,0
3,convex_perturbed,3,1,1,1,0
3,convex_perturbed,4,1,1,1,0
3,convex_perturbed,5,1,1,1,0
3,double_chain,0,1,1,1,0
3,double_chain,1,1,1,1,0
3,double_chain,2,1,1,1,0
3,double_chain,3,1,1,1,0
3,double_chain,4,1,1,1,0
3,double_chain,5,1,1,1,0
3,clustered,0,1,1,1,0
3,clustered,1,1,1,1,0
3,clustered,2,1,1,1,0
3,clustered,3,1,1,1,0
3,clustered,4,1,1,1,0
3,clustered,5,1,1,1,0
3,grid,0,1,1,1,0
3,grid,1,1,1,1,0
3,grid,2,1,1,1,0
3,grid,3,1,1,1,0
3,grid,4,1,1,1,0
3,grid,5,1,1,1,0
3,stacked,0,1,1,1,0
3,stacked,1,1,1,1,0
3,stacked,2,1,1,1,0
3,stacked,3,1,1,1,0
3,stacked,4,1,1,1,0
3,stacked,5,1,1,1,0
3,random_uniform,0,1,1,1,0
3,random_uniform,1,1,1,1,0
3,random_uniform,2,1,1,1,0
3,random_uniform,3,1,1,1,0
3,random_uniform,4,1,1,1,0
3,random_uniform,5,1,1,1,0
3,parabola_flat,0,1,1,1,0
3,parabola_flat,1,1,1,1,0
3,parabola_flat,2,1,1,1,0
3,parabola_flat,3,1,1,1,0
3,parabola_flat,4,1,1,1,0
3,parabola_flat,5,1,1,1,0
3,parabola_steep,0,1,1,1,0
3,parabola_steep,1,1,1,1,0
3,parabola_steep,2,1,1,1,0
3,parabola_steep,3,1,1,1,0
3,parabola_steep,4,1,1,1,0
3,parabola_steep,5,1,1,1,0
4,convex,0,1,1,1,0
4,convex_perturbed,0,1,1,1,0
4,convex_perturbed,1,1,1,1,0
4,convex_perturbed,2,1,1,1,0
4,convex_perturbed,3,1,1,1,0
4,convex_perturbed,4,1,1,1,0
4,convex_perturbed,5,1,1,1,0
4,convex_interior_deep,0,1,1,0,0
4,convex_interior_deep,1,1,1,0,0
4,convex_interior_deep,2,1,1,0,0
4,convex_interior_deep,3,1,1,0,0
4,convex_interior_deep,4,1,1,0,0
4,convex_interior_deep,5,1,1,0,0
4,convex_interior_mid,0,1,1,0,0
4,convex_interior_mid,1,1,1,0,0
4,convex_interior_mid,2,1,1,0,0
4,convex_interior_mid,3,1,1,0,0
4,convex_interior_mid,4,1,1,0,0
4,convex_interior_mid,5,1,1,0,0
4,double_chain,0,1,1,1,0
4,double_chain,1,1,1,1,0
4,double_chain,2,1,1,1,0
4,double_chain,3,1,1,1,0
4,double_chain,4,1,1,1,0
4,double_chain,5,1,1,1,0
4,clustered,0,1,1,1,0
4,clustered,1,1,1,1,0
4,clustered,2,1,1,1,0
4,clustered,3,1,1,1,0
4,clustered,4,1,1,1,0
4,clustered,5,1,1,1,0
4,grid,0,1,1,1,0
4,grid,1,1,1,1,0
4,grid,2,1,1,1,0
4,grid,3,1,1,1,0
4,grid,4,1,1,1,0
4,grid,5,1,1,1,0
4,stacked,0,1,1,0,0
4,stacked,1,1,1,0,0
4,stacked,2,1,1,0,0
4,stacked,3,1,1,0,0
4,stacked,4,1,1,0,0
4,stacked,5,1,1,0,0
4,random_uniform,0,1,1,1,0
4,random_uniform,1,1,1,1,0
4,random_uniform,2,1,1,0,0
4,random_uniform,3,1,1,1,0
4,random_uniform,4,1,1,0,0
4,random_uniform,5,1,1,0,0
4,parabola_flat,0,1,1,1,0
4,parabola_flat,1,1,1,1,0
4,parabola_flat,2,1,1,1,0
4,parabola_flat,3,1,1,1,0
4,parabola_flat,4,1,1,1,0
4,parabola_flat,5,1,1,1,0
4,parabola_steep,0,1,1,1,0
4,parabola_steep,1,1,1,1,0
4,parabola_steep,2,1,1,1,0
4,parabola_steep,3,1,1,1,0
4,parabola_steep,4,1,1,1,0
4,parabola_steep,5,1,1,1,0
5,convex,0,2,2,1,0
5,convex_perturbed,0,2,2,1,0
5,convex_perturbed,1,2,2,1,0
5,convex_perturbed,2,2,2,1,0
5,convex_perturbed,3,2,2,1,0
5,convex_perturbed,4,2,2,1,0
5,convex_perturbed,5,2,2,1,0
5,double_chain,0,2,2,0,0
5,double_chain,1,2,2,0,0
5,double_chain,2,2,2,0,0
5,double_chain,3,2,2,0,0
5,double_chain,4,2,2,0,0
5,double_chain,5,2,2,0,0
5,clustered,0,2,2,0,0
5,clustered,1,2,2,1,0
5,clustered,2,2,2,0,0
5,clustered,3,2,2,0,0
5,clustered,4,2,2,1,0
5,clustered,5,2,2,1,0
5,stacked,0,2,2,0,0
5,stacked,1,2,2,0,0
5,stacked,2,2,2,0,0
5,stacked,3,2,2,0,0
5,stacked,4,2,2,0,0
5,stacked,5,2,2,0,0
5,random_uniform,0,2,2,0,0
5,random_uniform,1,2,2,0,0
5,random_uniform,2,2,2,0,0
5,random_uniform,3,2,2,0,0
5,random_uniform,4,2,2,0,0
5,random_uniform,5,2,2,0,0
5,parabola_flat,0,2,2,1,0
5,parabola_flat,1,2,2,1,0
5,parabola_flat,2,2,2,1,0
5,parabola_flat,3,2,2,1,0
5,parabola_flat,4,2,2,1,0
5,parabola_flat,5,2,2,1,0
5,parabola_steep,0,2,2,1,0
5,parabola_steep,1,2,2,1,0
5,parabola_steep,2,2,2,1,0
5,parabola_steep,3,2,2,1,0
5,parabola_steep,4,2,2,1,0
5,parabola_steep,5,2,2,1,0
6,convex,0,3,3,1,0
6,convex_perturbed,0,3,3,1,0
6,convex_perturbed,1,3,3,1,0
6,convex_perturbed,2,3,3,1,0
6,convex_perturbed,3,3,3,1,0
6,convex_perturbed,4,3,3,1,0
6,convex_perturbed,5,3,3,1,0
6,convex_interior_deep,0,3,3,0,0
6,convex_interior_deep,1,3,3,0,0
6,convex_interior_deep,2,3,3,0,0
6,convex_interior_deep,3,3,3,0,0
6,convex_interior_deep,4,3,3,0,0
6,convex_interior_deep,5,3,3,0,0
6,convex_interior_mid,0,3,3,0,0
6,convex_interior_mid,1,3,3,0,0
6,convex_interior_mid,2,3,3,0,0
6,convex_interior_mid,3,3,3,0,0
6,convex_interior_mid,4,3,3,0,0
6,convex_interior_mid,5,3,3,0,0
6,clustered,0,3,3,0,0
6,clustered,1,3,3,0,0
6,clustered,2,3,3,0,0
6,clustered,3,3,3,0,0
6,clustered,4,3,3,0,0
6,clustered,5,3,3,1,0
6,stacked,0,4,3,0,1
6,stacked,1,4,3,0,1
6,stacked,2,4,3,0,1
6,stacked,3,4,3,0,1
6,stacked,4,4,3,0,1
6,stacked,5,4,3,0,1
6,random_uniform,0,3,3,0,0
6,random_uniform,1,3,3,0,0
6,random_uniform,2,3,3,0,0
6,random_uniform,3,3,3,0,0
6,random_uniform,4,3,3,0,0
6,random_uniform,5,3,3,0,0
6,parabola_flat,0,3,3,1,0
6,parabola_flat,1,3,3,1,0
6,parabola_flat,2,3,3,1,0
6,parabola_flat,3,3,3,1,0
6,parabola_flat,4,3,3,1,0
6,parabola_flat,5,3,3,1,0
6,parabola_steep,0,3,3,1,0
6,parabola_steep,1,3,3,1,0
6,parabola_steep,2,3,3,1,0
6,parabola_steep,3,3,3,1,0
6,parabola_steep,4,3,3,1,0
6,parabola_steep,5,3,3,1,0
7,convex,0,3,3,1,0
7,convex_perturbed,0,3,3,1,0
7,convex_perturbed,1,3,3,1,0
7,convex_perturbed,2,3,3,1,0
7,convex_perturbed,3,3,3,1,0
7,convex_perturbed,4,3,3,1,0
7,convex_perturbed,5,3,3,1,0
7,clustered,0,4,3,0,1
7,clustered,1,4,3,0,1
7,clustered,2,4,3,0,1
7,clustered,3,4,3,0,1
7,clustered,4,4,3,0,1
7,clustered,5,4,3,0,1
7,stacked,0,4,3,0,1
7,stacked,1,4,3,0,1
7,stacked,2,4,3,0,1
7,stacked,3,4,3,0,1
7,stacked,4,4,3,0,1
7,stacked,5,4,3,0,1
7,random_uniform,0,4,3,0,1
7,random_uniform,1,4,3,0,1
7,random_uniform,2,4,3,0,1
7,random_uniform,3,4,3,0,1
7,random_uniform,4,4,3,0,1
7,random_uniform,5,4,3,0,1
7,parabola_flat,0,3,3,1,0
7,parabola_flat,1,3,3,1,0
7,parabola_flat,2,3,3,1,0
7,parabola_flat,3,3,3,1,0
7,parabola_flat,4,3,3,1,0
7,parabola_flat,5,3,3,1,0
7,parabola_steep,0,3,3,1,0
7,parabola_steep,1,3,3,1,0
7,parabola_steep,2,3,3,1,0
7,parabola_steep,3,3,3,1,0
7,parabola_steep,4,3,3,1,0
7,parabola_steep,5,3,3,1,0
8,convex,0,4,4,1,0
8,convex_perturbed,0,4,4,1,0
8,convex_perturbed,1,4,4,1,0
8,convex_perturbed,2,4,4,1,0
8,convex_perturbed,3,4,4,1,0
8,convex_perturbed,4,4,4,1,0
8,convex_perturbed,5,4,4,1,0
8,convex_interior_deep,0,4,4,0,0
8,convex_interior_deep,1,4,4,0,0
8,convex_interior_deep,2,4,4,0,0
8,convex_interior_deep,3,4,4,0,0
8,convex_interior_deep,4,4,4,0,0
8,convex_interior_deep,5,4,4,0,0
8,convex_interior_mid,0,4,4,0,0
8,convex_interior_mid,1,4,4,0,0
8,convex_interior_mid,2,4,4,0,0
8,convex_interior_mid,3,4,4,0,0
8,convex_interior_mid,4,4,4,0,0
8,convex_interior_mid,5,4,4,0,0
8,clustered,0,4,4,0,0
8,clustered,1,4,4,0,0
8,clustered,2,5,4,0,1
8,clustered,3,5,4,0,1
8,clustered,4,4,4,0,0
8,clustered,5,5,4,0,1
8,stacked,0,6,4,0,2
8,stacked,1,6,4,0,2
8,stacked,2,6,4,0,2
8,stacked,3,6,4,0,2
8,stacked,4,6,4,0,2
8,stacked,5,6,4,0,2
8,random_uniform,0,5,4,0,1
8,random_uniform,1,5,4,0,1
8,random_uniform,2,5,4,0,1
8,random_uniform,3,6,4,0,2
8,random_uniform,4,5,4,0,1
8,random_uniform,5,5,4,0,1
8,parabola_flat,0,4,4,1,0
8,parabola_flat,1,4,4,1,0
8,parabola_flat,2,4,4,1,0
8,parabola_flat,3,4,4,1,0
8,parabola_flat,4,4,4,1,0
8,parabola_flat,5,4,4,1,0
8,parabola_steep,0,4,4,1,0
8,parabola_steep,1,4,4,1,0
8,parabola_steep,2,4,4,1,0
8,parabola_steep,3,4,4,1,0
8,parabola_steep,4,4,4,1,0
8,parabola_steep,5,4,4,1,0
9,convex,0,5,5,1,0
9,convex_perturbed,0,5,5,1,0
9,convex_perturbed,1,5,5,1,0
9,convex_perturbed,2,5,5,1,0
9,convex_perturbed,3,5,5,1,0
9,convex_perturbed,4,5,5,1,0
9,convex_perturbed,5,5,5,1,0
9,double_chain,0,6,5,0,1
9,double_chain,1,6,5,0,1
9,double_chain,2,6,5,0,1
9,double_chain,3,6,5,0,1
9,double_chain,4,6,5,0,1
9,double_chain,5,6,5,0,1
9,clustered,0,5,5,0,0
9,clustered,1,6,5,0,1
9,clustered,2,6,5,0,1
9,clustered,3,6,5,0,1
9,clustered,4,5,5,0,0
9,clustered,5,6,5,0,1
9,stacked,0,7,5,0,2
9,stacked,1,7,5,0,2
9,stacked,2,7,5,0,2
9,stacked,3,7,5,0,2
9,stacked,4,7,5,0,2
9,stacked,5,7,5,0,2
9,random_uniform,0,6,5,0,1
9,random_uniform,1,6,5,0,1
9,random_uniform,2,6,5,0,1
9,random_uniform,3,7,5,0,2
9,random_uniform,4,6,5,0,1
9,random_uniform,5,6,5,0,1
9,parabola_flat,0,5,5,1,0
9,parabola_flat,1,5,5,1,0
9,parabola_flat,2,5,5,1,0
9,parabola_flat,3,5,5,1,0
9,parabola_flat,4,5,5,1,0
9,parabola_flat,5,5,5,1,0
9,parabola_steep,0,5,5,1,0
9,parabola_steep,1,5,5,1,0
9,parabola_steep,2,5,5,1,0
9,parabola_steep,3,5,5,1,0
9,parabola_steep,4,5,5,1,0
9,parabola_steep,5,5,5,1,0
10,convex,0,5,5,1,0
10,convex_perturbed,0,5,5,1,0
10,convex_perturbed,1,5,5,1,0
10,convex_perturbed,2,5,5,1,0
10,convex_perturbed,3,5,5,1,0
10,convex_perturbed,4,5,5,1,0
10,convex_perturbed,5,5,5,1,0
10,convex_interior_deep,0,6,5,0,1
10,convex_interior_deep,1,6,5,0,1
10,convex_interior_deep,2,6,5,0,1
10,convex_interior_deep,3,6,5,0,1
10,convex_interior_deep,4,6,5,0,1
10,convex_interior_deep,5,6,5,0,1
10,convex_interior_mid,0,6,5,0,1
10,convex_interior_mid,1,6,5,0,1
10,convex_interior_mid,2,6,5,0,1
10,convex_interior_mid,3,6,5,0,1
10,convex_interior_mid,4,6,5,0,1
10,convex_interior_mid,5,6,5,0,1
10,double_chain,0,7,5,0,2
10,double_chain,1,7,5,0,2
10,double_chain,2,7,5,0,2
10,double_chain,3,7,5,0,2
10,double_chain,4,7,5,0,2
10,double_chain,5,7,5,0,2
10,clustered,0,6,5,0,1
10,clustered,1,7,5,0,2
10,clustered,2,6,5,0,1
10,clustered,3,7,5,0,2
10,clustered,4,6,5,0,1
10,clustered,5,7,5,0,2
10,stacked,0,7,5,0,2
10,stacked,1,8,5,0,3
10,stacked,2,8,5,0,3
10,stacked,3,8,5,0,3
10,stacked,4,8,5,0,3
10,stacked,5,8,5,0,3
10,random_uniform,0,7,5,0,2
10,random_uniform,1,7,5,0,2
10,random_uniform,2,7,5,0,2
10,random_uniform,3,7,5,0,2
10,random_uniform,4,7,5,0,2
10,random_uniform,5,7,5,0,2
10,parabola_flat,0,5,5,1,0
10,parabola_flat,1,5,5,1,0
10,parabola_flat,2,5,5,1,0
10,parabola_flat,3,5,5,1,0
10,parabola_flat,4,5,5,1,0
10,parabola_flat,5,5,5,1,0
10,parabola_steep,0,5,5,1,0
10,parabola_steep,1,5,5,1,0
10,parabola_steep,2,5,5,1,0
10,parabola_steep,3,5,5,1,0
10,parabola_steep,4,5,5,1,0
10,parabola_steep,5,5,5,1,0
11,convex,0,6,6,1,0
11,convex_perturbed,0,6,6,1,0
11,convex_perturbed,1,6,6,1,0
11,convex_perturbed,2,6,6,1,0
11,convex_perturbed,3,6,6,1,0
11,convex_perturbed,4,6,6,1,0
11,convex_perturbed,5,6,6,1,0
11,clustered,0,7,6,0,1
11,clustered,1,7,6,0,1
11,clustered,2,7,6,0,1
11,clustered,3,8,6,0,2
11,clustered,4,8,6,0,2
11,clustered,5,8,6,0,2
11,stacked,0,9,6,0,3
11,stacked,1,8,6,0,2
11,stacked,2,9,6,0,3
11,stacked,3,9,6,0,3
11,stacked,4,9,6,0,3
11,stacked,5,9,6,0,3
11,random_uniform,0,8,6,0,2
11,random_uniform,1,8,6,0,2
11,random_uniform,2,8,6,0,2
11,random_uniform,3,8,6,0,2
11,random_uniform,4,7,6,0,1
11,random_uniform,5,8,6,0,2
11,parabola_flat,0,6,6,1,0
11,parabola_flat,1,6,6,1,0
11,parabola_flat,2,6,6,1,0
11,parabola_flat,3,6,6,1,0
11,parabola_flat,4,6,6,1,0
11,parabola_flat,5,6,6,1,0
11,parabola_steep,0,6,6,1,0
11,parabola_steep,1,6,6,1,0
11,parabola_steep,2,6,6,1,0
11,parabola_steep,3,6,6,1,0
11,parabola_steep,4,6,6,1,0
11,parabola_steep,5,6,6,1,0
